date,company,email,state
20260705,Smokers Cove,info@smokerscove.com,Alabama
20260705,Smokers Cove,contact@smokerscove.com,Alabama
20260705,Smokers Cove,manager@smokerscove.com,Alabama
20260705,Smokers Cove,sales@smokerscove.com,Alabama
20260705,Vapor Haven,info@vaporhaven.com,Alabama
20260705,Vapor Haven,contact@vaporhaven.com,Alabama
20260705,Vapor Haven,manager@vaporhaven.com,Alabama
20260705,Vapor Haven,sales@vaporhaven.com,Alabama
20260705,Tobacco Barn,info@tobaccobarn.com,Alabama
20260705,Tobacco Barn,contact@tobaccobarn.com,Alabama
20260705,Tobacco Barn,manager@tobaccobarn.com,Alabama
20260705,Tobacco Barn,sales@tobaccobarn.com,Alabama
20260705,Hookah King,info@hookahking.com,Alabama
20260705,Hookah King,contact@hookahking.com,Alabama
20260705,Hookah King,manager@hookahking.com,Alabama
20260705,Hookah King,sales@hookahking.com,Alabama
20260705,Cigar Club,info@cigarclub.com,Alabama
20260705,Cigar Club,contact@cigarclub.com,Alabama
20260705,Cigar Club,manager@cigarclub.com,Alabama
20260705,Cigar Club,sales@cigarclub.com,Alabama
20260705,Anchorage Smoke,info@anchoragesmoke.com,Alaska
20260705,Anchorage Smoke,contact@anchoragesmoke.com,Alaska
20260705,Anchorage Smoke,manager@anchoragesmoke.com,Alaska
20260705,Anchorage Smoke,sales@anchoragesmoke.com,Alaska
20260705,Fairbanks Vapor,info@fairbanksvapor.com,Alaska
20260705,Fairbanks Vapor,contact@fairbanksvapor.com,Alaska
20260705,Fairbanks Vapor,manager@fairbanksvapor.com,Alaska
20260705,Fairbanks Vapor,sales@fairbanksvapor.com,Alaska
20260705,Juneau Cigars,info@juneaucigars.com,Alaska
20260705,Juneau Cigars,contact@juneaucigars.com,Alaska
20260705,Juneau Cigars,manager@juneaucigars.com,Alaska
20260705,Juneau Cigars,sales@juneaucigars.com,Alaska
20260705,Smoke Palace AK,info@smokepalaceak.com,Alaska
20260705,Smoke Palace AK,contact@smokepalaceak.com,Alaska
20260705,Smoke Palace AK,manager@smokepalaceak.com,Alaska
20260705,Smoke Palace AK,sales@smokepalaceak.com,Alaska
20260705,Arctic Lounge,info@arcticlounge.com,Alaska
20260705,Arctic Lounge,contact@arcticlounge.com,Alaska
20260705,Arctic Lounge,manager@arcticlounge.com,Alaska
20260705,Arctic Lounge,sales@arcticlounge.com,Alaska
20260705,Phoenix Smoke,info@phoenixsmoke.com,Arizona
20260705,Phoenix Smoke,contact@phoenixsmoke.com,Arizona
20260705,Phoenix Smoke,manager@phoenixsmoke.com,Arizona
20260705,Phoenix Smoke,sales@phoenixsmoke.com,Arizona
20260705,Tucson Vapor,info@tucsonvapor.com,Arizona
20260705,Tucson Vapor,contact@tucsonvapor.com,Arizona
20260705,Tucson Vapor,manager@tucsonvapor.com,Arizona
20260705,Tucson Vapor,sales@tucsonvapor.com,Arizona
20260705,Scottsdale Cigars,info@scottsdalecigars.com,Arizona
20260705,Scottsdale Cigars,contact@scottsdalecigars.com,Arizona
20260705,Scottsdale Cigars,manager@scottsdalecigars.com,Arizona
20260705,Scottsdale Cigars,sales@scottsdalecigars.com,Arizona
20260705,Arizona Hookah,info@arizonahookah.com,Arizona
20260705,Arizona Hookah,contact@arizonahookah.com,Arizona
20260705,Arizona Hookah,manager@arizonahookah.com,Arizona
20260705,Arizona Hookah,sales@arizonahookah.com,Arizona
20260705,Desert Smoke,info@desertsmoke.com,Arizona
20260705,Desert Smoke,contact@desertsmoke.com,Arizona
20260705,Desert Smoke,manager@desertsmoke.com,Arizona
20260705,Desert Smoke,sales@desertsmoke.com,Arizona
20260705,Little Rock Smoke,info@littlerocksmoke.com,Arkansas
20260705,Little Rock Smoke,contact@littlerocksmoke.com,Arkansas
20260705,Little Rock Smoke,manager@littlerocksmoke.com,Arkansas
20260705,Little Rock Smoke,sales@littlerocksmoke.com,Arkansas
20260705,Fayetteville Vapor,info@fayettevillevapor.com,Arkansas
20260705,Fayetteville Vapor,contact@fayettevillevapor.com,Arkansas
20260705,Fayetteville Vapor,manager@fayettevillevapor.com,Arkansas
20260705,Fayetteville Vapor,sales@fayettevillevapor.com,Arkansas
20260705,Hot Springs Cigars,info@hotspringscigars.com,Arkansas
20260705,Hot Springs Cigars,contact@hotspringscigars.com,Arkansas
20260705,Hot Springs Cigars,manager@hotspringscigars.com,Arkansas
20260705,Hot Springs Cigars,sales@hotspringscigars.com,Arkansas
20260705,Arkansas Lounge,info@arkansaslounge.com,Arkansas
20260705,Arkansas Lounge,contact@arkansaslounge.com,Arkansas
20260705,Arkansas Lounge,manager@arkansaslounge.com,Arkansas
20260705,Arkansas Lounge,sales@arkansaslounge.com,Arkansas
20260705,Pine Bluff Smoke,info@pinebluffsmoke.com,Arkansas
20260705,Pine Bluff Smoke,contact@pinebluffsmoke.com,Arkansas
20260705,Pine Bluff Smoke,manager@pinebluffsmoke.com,Arkansas
20260705,Pine Bluff Smoke,sales@pinebluffsmoke.com,Arkansas
20260705,LA Smoke Shop,info@lasmokeshop.com,California
20260705,LA Smoke Shop,contact@lasmokeshop.com,California
20260705,LA Smoke Shop,manager@lasmokeshop.com,California
20260705,LA Smoke Shop,sales@lasmokeshop.com,California
20260705,San Francisco Vapor,info@sanfranciscovapor.com,California
20260705,San Francisco Vapor,contact@sanfranciscovapor.com,California
20260705,San Francisco Vapor,manager@sanfranciscovapor.com,California
20260705,San Francisco Vapor,sales@sanfranciscovapor.com,California
20260705,San Diego Cigars,info@sandiegocigars.com,California
20260705,San Diego Cigars,contact@sandiegocigars.com,California
20260705,San Diego Cigars,manager@sandiegocigars.com,California
20260705,San Diego Cigars,sales@sandiegocigars.com,California
20260705,Oakland Hookah,info@oaklandhookah.com,California
20260705,Oakland Hookah,contact@oaklandhookah.com,California
20260705,Oakland Hookah,manager@oaklandhookah.com,California
20260705,Oakland Hookah,sales@oaklandhookah.com,California
20260705,Sacramento Smoke,info@sacramentosmoke.com,California
20260705,Sacramento Smoke,contact@sacramentosmoke.com,California
20260705,Sacramento Smoke,manager@sacramentosmoke.com,California
20260705,Sacramento Smoke,sales@sacramentosmoke.com,California
20260705,Denver Smoke,info@denversmoke.com,Colorado
20260705,Denver Smoke,contact@denversmoke.com,Colorado
20260705,Denver Smoke,manager@denversmoke.com,Colorado
20260705,Denver Smoke,sales@denversmoke.com,Colorado
20260705,Boulder Vapor,info@bouldervapor.com,Colorado
20260705,Boulder Vapor,contact@bouldervapor.com,Colorado
20260705,Boulder Vapor,manager@bouldervapor.com,Colorado
20260705,Boulder Vapor,sales@bouldervapor.com,Colorado
20260705,Colorado Springs Cigars,info@coloradospringscigars.com,Colorado
20260705,Colorado Springs Cigars,contact@coloradospringscigars.com,Colorado
20260705,Colorado Springs Cigars,manager@coloradospringscigars.com,Colorado
20260705,Colorado Springs Cigars,sales@coloradospringscigars.com,Colorado
20260705,Fort Collins Lounge,info@fortcollinslounge.com,Colorado
20260705,Fort Collins Lounge,contact@fortcollinslounge.com,Colorado
20260705,Fort Collins Lounge,manager@fortcollinslounge.com,Colorado
20260705,Fort Collins Lounge,sales@fortcollinslounge.com,Colorado
20260705,Aspen Smoke,info@aspensmoke.com,Colorado
20260705,Aspen Smoke,contact@aspensmoke.com,Colorado
20260705,Aspen Smoke,manager@aspensmoke.com,Colorado
20260705,Aspen Smoke,sales@aspensmoke.com,Colorado
20260705,Hartford Smoke,info@hartfordsmoke.com,Connecticut
20260705,Hartford Smoke,contact@hartfordsmoke.com,Connecticut
20260705,Hartford Smoke,manager@hartfordsmoke.com,Connecticut
20260705,Hartford Smoke,sales@hartfordsmoke.com,Connecticut
20260705,New Haven Vapor,info@newhavenvapor.com,Connecticut
20260705,New Haven Vapor,contact@newhavenvapor.com,Connecticut
20260705,New Haven Vapor,manager@newhavenvapor.com,Connecticut
20260705,New Haven Vapor,sales@newhavenvapor.com,Connecticut
20260705,Bridgeport Cigars,info@bridgeportcigars.com,Connecticut
20260705,Bridgeport Cigars,contact@bridgeportcigars.com,Connecticut
20260705,Bridgeport Cigars,manager@bridgeportcigars.com,Connecticut
20260705,Bridgeport Cigars,sales@bridgeportcigars.com,Connecticut
20260705,Stamford Hookah,info@stamfordhookah.com,Connecticut
20260705,Stamford Hookah,contact@stamfordhookah.com,Connecticut
20260705,Stamford Hookah,manager@stamfordhookah.com,Connecticut
20260705,Stamford Hookah,sales@stamfordhookah.com,Connecticut
20260705,Waterbury Smoke,info@waterburysmoke.com,Connecticut
20260705,Waterbury Smoke,contact@waterburysmoke.com,Connecticut
20260705,Waterbury Smoke,manager@waterburysmoke.com,Connecticut
20260705,Waterbury Smoke,sales@waterburysmoke.com,Connecticut
20260705,Wilmington Smoke,info@wilmingtonsmoke.com,Delaware
20260705,Wilmington Smoke,contact@wilmingtonsmoke.com,Delaware
20260705,Wilmington Smoke,manager@wilmingtonsmoke.com,Delaware
20260705,Wilmington Smoke,sales@wilmingtonsmoke.com,Delaware
20260705,Dover Vapor,info@dovervapor.com,Delaware
20260705,Dover Vapor,contact@dovervapor.com,Delaware
20260705,Dover Vapor,manager@dovervapor.com,Delaware
20260705,Dover Vapor,sales@dovervapor.com,Delaware
20260705,Newark Cigars,info@newarkcigars.com,Delaware
20260705,Newark Cigars,contact@newarkcigars.com,Delaware
20260705,Newark Cigars,manager@newarkcigars.com,Delaware
20260705,Newark Cigars,sales@newarkcigars.com,Delaware
20260705,Delaware Lounge,info@delawarelounge.com,Delaware
20260705,Delaware Lounge,contact@delawarelounge.com,Delaware
20260705,Delaware Lounge,manager@delawarelounge.com,Delaware
20260705,Delaware Lounge,sales@delawarelounge.com,Delaware
20260705,Seaford Smoke,info@seafordsmoke.com,Delaware
20260705,Seaford Smoke,contact@seafordsmoke.com,Delaware
20260705,Seaford Smoke,manager@seafordsmoke.com,Delaware
20260705,Seaford Smoke,sales@seafordsmoke.com,Delaware
20260705,Miami Smoke,info@miamismoke.com,Florida
20260705,Miami Smoke,contact@miamismoke.com,Florida
20260705,Miami Smoke,manager@miamismoke.com,Florida
20260705,Miami Smoke,sales@miamismoke.com,Florida
20260705,Orlando Vapor,info@orlandovapor.com,Florida
20260705,Orlando Vapor,contact@orlandovapor.com,Florida
20260705,Orlando Vapor,manager@orlandovapor.com,Florida
20260705,Orlando Vapor,sales@orlandovapor.com,Florida
20260705,Tampa Cigars,info@tampacigars.com,Florida
20260705,Tampa Cigars,contact@tampacigars.com,Florida
20260705,Tampa Cigars,manager@tampacigars.com,Florida
20260705,Tampa Cigars,sales@tampacigars.com,Florida
20260705,Jacksonville Hookah,info@jacksonvillehookah.com,Florida
20260705,Jacksonville Hookah,contact@jacksonvillehookah.com,Florida
20260705,Jacksonville Hookah,manager@jacksonvillehookah.com,Florida
20260705,Jacksonville Hookah,sales@jacksonvillehookah.com,Florida
20260705,Fort Lauderdale Smoke,info@fortlauderdalesmoke.com,Florida
20260705,Fort Lauderdale Smoke,contact@fortlauderdalesmoke.com,Florida
20260705,Fort Lauderdale Smoke,manager@fortlauderdalesmoke.com,Florida
20260705,Fort Lauderdale Smoke,sales@fortlauderdalesmoke.com,Florida
20260705,Atlanta Smoke,info@atlantasmoke.com,Georgia
20260705,Atlanta Smoke,contact@atlantasmoke.com,Georgia
20260705,Atlanta Smoke,manager@atlantasmoke.com,Georgia
20260705,Atlanta Smoke,sales@atlantasmoke.com,Georgia
20260705,Savannah Vapor,info@savannahvapor.com,Georgia
20260705,Savannah Vapor,contact@savannahvapor.com,Georgia
20260705,Savannah Vapor,manager@savannahvapor.com,Georgia
20260705,Savannah Vapor,sales@savannahvapor.com,Georgia
20260705,Augusta Cigars,info@augustacigars.com,Georgia
20260705,Augusta Cigars,contact@augustacigars.com,Georgia
20260705,Augusta Cigars,manager@augustacigars.com,Georgia
20260705,Augusta Cigars,sales@augustacigars.com,Georgia
20260705,Athens Hookah,info@athenshookah.com,Georgia
20260705,Athens Hookah,contact@athenshookah.com,Georgia
20260705,Athens Hookah,manager@athenshookah.com,Georgia
20260705,Athens Hookah,sales@athenshookah.com,Georgia
20260705,Marietta Smoke,info@mariettasmoke.com,Georgia
20260705,Marietta Smoke,contact@mariettasmoke.com,Georgia
20260705,Marietta Smoke,manager@mariettasmoke.com,Georgia
20260705,Marietta Smoke,sales@mariettasmoke.com,Georgia
20260706,Smokers Cove,info@smokerscove.com,Alabama
20260706,Smokers Cove,contact@smokerscove.com,Alabama
20260706,Smokers Cove,manager@smokerscove.com,Alabama
20260706,Smokers Cove,sales@smokerscove.com,Alabama
20260706,Vapor Haven,info@vaporhaven.com,Alabama
20260706,Vapor Haven,contact@vaporhaven.com,Alabama
20260706,Vapor Haven,manager@vaporhaven.com,Alabama
20260706,Vapor Haven,sales@vaporhaven.com,Alabama
20260706,Tobacco Barn,info@tobaccobarn.com,Alabama
20260706,Tobacco Barn,contact@tobaccobarn.com,Alabama
20260706,Tobacco Barn,manager@tobaccobarn.com,Alabama
20260706,Tobacco Barn,sales@tobaccobarn.com,Alabama
20260706,Hookah King,info@hookahking.com,Alabama
20260706,Hookah King,contact@hookahking.com,Alabama
20260706,Hookah King,manager@hookahking.com,Alabama
20260706,Hookah King,sales@hookahking.com,Alabama
20260706,Cigar Club,info@cigarclub.com,Alabama
20260706,Cigar Club,contact@cigarclub.com,Alabama
20260706,Cigar Club,manager@cigarclub.com,Alabama
20260706,Cigar Club,sales@cigarclub.com,Alabama
20260706,Anchorage Smoke,info@anchoragesmoke.com,Alaska
20260706,Anchorage Smoke,contact@anchoragesmoke.com,Alaska
20260706,Anchorage Smoke,manager@anchoragesmoke.com,Alaska
20260706,Anchorage Smoke,sales@anchoragesmoke.com,Alaska
20260706,Fairbanks Vapor,info@fairbanksvapor.com,Alaska
20260706,Fairbanks Vapor,contact@fairbanksvapor.com,Alaska
20260706,Fairbanks Vapor,manager@fairbanksvapor.com,Alaska
20260706,Fairbanks Vapor,sales@fairbanksvapor.com,Alaska
20260706,Juneau Cigars,info@juneaucigars.com,Alaska
20260706,Juneau Cigars,contact@juneaucigars.com,Alaska
20260706,Juneau Cigars,manager@juneaucigars.com,Alaska
20260706,Juneau Cigars,sales@juneaucigars.com,Alaska
20260706,Smoke Palace AK,info@smokepalaceak.com,Alaska
20260706,Smoke Palace AK,contact@smokepalaceak.com,Alaska
20260706,Smoke Palace AK,manager@smokepalaceak.com,Alaska
20260706,Smoke Palace AK,sales@smokepalaceak.com,Alaska
20260706,Arctic Lounge,info@arcticlounge.com,Alaska
20260706,Arctic Lounge,contact@arcticlounge.com,Alaska
20260706,Arctic Lounge,manager@arcticlounge.com,Alaska
20260706,Arctic Lounge,sales@arcticlounge.com,Alaska
20260706,Phoenix Smoke,info@phoenixsmoke.com,Arizona
20260706,Phoenix Smoke,contact@phoenixsmoke.com,Arizona
20260706,Phoenix Smoke,manager@phoenixsmoke.com,Arizona
20260706,Phoenix Smoke,sales@phoenixsmoke.com,Arizona
20260706,Tucson Vapor,info@tucsonvapor.com,Arizona
20260706,Tucson Vapor,contact@tucsonvapor.com,Arizona
20260706,Tucson Vapor,manager@tucsonvapor.com,Arizona
20260706,Tucson Vapor,sales@tucsonvapor.com,Arizona
20260706,Scottsdale Cigars,info@scottsdalecigars.com,Arizona
20260706,Scottsdale Cigars,contact@scottsdalecigars.com,Arizona
20260706,Scottsdale Cigars,manager@scottsdalecigars.com,Arizona
20260706,Scottsdale Cigars,sales@scottsdalecigars.com,Arizona
20260706,Arizona Hookah,info@arizonahookah.com,Arizona
20260706,Arizona Hookah,contact@arizonahookah.com,Arizona
20260706,Arizona Hookah,manager@arizonahookah.com,Arizona
20260706,Arizona Hookah,sales@arizonahookah.com,Arizona
20260706,Desert Smoke,info@desertsmoke.com,Arizona
20260706,Desert Smoke,contact@desertsmoke.com,Arizona
20260706,Desert Smoke,manager@desertsmoke.com,Arizona
20260706,Desert Smoke,sales@desertsmoke.com,Arizona
20260706,Little Rock Smoke,info@littlerocksmoke.com,Arkansas
20260706,Little Rock Smoke,contact@littlerocksmoke.com,Arkansas
20260706,Little Rock Smoke,manager@littlerocksmoke.com,Arkansas
20260706,Little Rock Smoke,sales@littlerocksmoke.com,Arkansas
20260706,Fayetteville Vapor,info@fayettevillevapor.com,Arkansas
20260706,Fayetteville Vapor,contact@fayettevillevapor.com,Arkansas
20260706,Fayetteville Vapor,manager@fayettevillevapor.com,Arkansas
20260706,Fayetteville Vapor,sales@fayettevillevapor.com,Arkansas
20260706,Hot Springs Cigars,info@hotspringscigars.com,Arkansas
20260706,Hot Springs Cigars,contact@hotspringscigars.com,Arkansas
20260706,Hot Springs Cigars,manager@hotspringscigars.com,Arkansas
20260706,Hot Springs Cigars,sales@hotspringscigars.com,Arkansas
20260706,Arkansas Lounge,info@arkansaslounge.com,Arkansas
20260706,Arkansas Lounge,contact@arkansaslounge.com,Arkansas
20260706,Arkansas Lounge,manager@arkansaslounge.com,Arkansas
20260706,Arkansas Lounge,sales@arkansaslounge.com,Arkansas
20260706,Pine Bluff Smoke,info@pinebluffsmoke.com,Arkansas
20260706,Pine Bluff Smoke,contact@pinebluffsmoke.com,Arkansas
20260706,Pine Bluff Smoke,manager@pinebluffsmoke.com,Arkansas
20260706,Pine Bluff Smoke,sales@pinebluffsmoke.com,Arkansas
20260706,LA Smoke Shop,info@lasmokeshop.com,California
20260706,LA Smoke Shop,contact@lasmokeshop.com,California
20260706,LA Smoke Shop,manager@lasmokeshop.com,California
20260706,LA Smoke Shop,sales@lasmokeshop.com,California
20260706,San Francisco Vapor,info@sanfranciscovapor.com,California
20260706,San Francisco Vapor,contact@sanfranciscovapor.com,California
20260706,San Francisco Vapor,manager@sanfranciscovapor.com,California
20260706,San Francisco Vapor,sales@sanfranciscovapor.com,California
20260706,San Diego Cigars,info@sandiegocigars.com,California
20260706,San Diego Cigars,contact@sandiegocigars.com,California
20260706,San Diego Cigars,manager@sandiegocigars.com,California
20260706,San Diego Cigars,sales@sandiegocigars.com,California
20260706,Oakland Hookah,info@oaklandhookah.com,California
20260706,Oakland Hookah,contact@oaklandhookah.com,California
20260706,Oakland Hookah,manager@oaklandhookah.com,California
20260706,Oakland Hookah,sales@oaklandhookah.com,California
20260706,Sacramento Smoke,info@sacramentosmoke.com,California
20260706,Sacramento Smoke,contact@sacramentosmoke.com,California
20260706,Sacramento Smoke,manager@sacramentosmoke.com,California
20260706,Sacramento Smoke,sales@sacramentosmoke.com,California
20260706,Denver Smoke,info@denversmoke.com,Colorado
20260706,Denver Smoke,contact@denversmoke.com,Colorado
20260706,Denver Smoke,manager@denversmoke.com,Colorado
20260706,Denver Smoke,sales@denversmoke.com,Colorado
20260706,Boulder Vapor,info@bouldervapor.com,Colorado
20260706,Boulder Vapor,contact@bouldervapor.com,Colorado
20260706,Boulder Vapor,manager@bouldervapor.com,Colorado
20260706,Boulder Vapor,sales@bouldervapor.com,Colorado
20260706,Colorado Springs Cigars,info@coloradospringscigars.com,Colorado
20260706,Colorado Springs Cigars,contact@coloradospringscigars.com,Colorado
20260706,Colorado Springs Cigars,manager@coloradospringscigars.com,Colorado
20260706,Colorado Springs Cigars,sales@coloradospringscigars.com,Colorado
20260706,Fort Collins Lounge,info@fortcollinslounge.com,Colorado
20260706,Fort Collins Lounge,contact@fortcollinslounge.com,Colorado
20260706,Fort Collins Lounge,manager@fortcollinslounge.com,Colorado
20260706,Fort Collins Lounge,sales@fortcollinslounge.com,Colorado
20260706,Aspen Smoke,info@aspensmoke.com,Colorado
20260706,Aspen Smoke,contact@aspensmoke.com,Colorado
20260706,Aspen Smoke,manager@aspensmoke.com,Colorado
20260706,Aspen Smoke,sales@aspensmoke.com,Colorado
20260706,Hartford Smoke,info@hartfordsmoke.com,Connecticut
20260706,Hartford Smoke,contact@hartfordsmoke.com,Connecticut
20260706,Hartford Smoke,manager@hartfordsmoke.com,Connecticut
20260706,Hartford Smoke,sales@hartfordsmoke.com,Connecticut
20260706,New Haven Vapor,info@newhavenvapor.com,Connecticut
20260706,New Haven Vapor,contact@newhavenvapor.com,Connecticut
20260706,New Haven Vapor,manager@newhavenvapor.com,Connecticut
20260706,New Haven Vapor,sales@newhavenvapor.com,Connecticut
20260706,Bridgeport Cigars,info@bridgeportcigars.com,Connecticut
20260706,Bridgeport Cigars,contact@bridgeportcigars.com,Connecticut
20260706,Bridgeport Cigars,manager@bridgeportcigars.com,Connecticut
20260706,Bridgeport Cigars,sales@bridgeportcigars.com,Connecticut
20260706,Stamford Hookah,info@stamfordhookah.com,Connecticut
20260706,Stamford Hookah,contact@stamfordhookah.com,Connecticut
20260706,Stamford Hookah,manager@stamfordhookah.com,Connecticut
20260706,Stamford Hookah,sales@stamfordhookah.com,Connecticut
20260706,Waterbury Smoke,info@waterburysmoke.com,Connecticut
20260706,Waterbury Smoke,contact@waterburysmoke.com,Connecticut
20260706,Waterbury Smoke,manager@waterburysmoke.com,Connecticut
20260706,Waterbury Smoke,sales@waterburysmoke.com,Connecticut
20260706,Wilmington Smoke,info@wilmingtonsmoke.com,Delaware
20260706,Wilmington Smoke,contact@wilmingtonsmoke.com,Delaware
20260706,Wilmington Smoke,manager@wilmingtonsmoke.com,Delaware
20260706,Wilmington Smoke,sales@wilmingtonsmoke.com,Delaware
20260706,Dover Vapor,info@dovervapor.com,Delaware
20260706,Dover Vapor,contact@dovervapor.com,Delaware
20260706,Dover Vapor,manager@dovervapor.com,Delaware
20260706,Dover Vapor,sales@dovervapor.com,Delaware
20260706,Newark Cigars,info@newarkcigars.com,Delaware
20260706,Newark Cigars,contact@newarkcigars.com,Delaware
20260706,Newark Cigars,manager@newarkcigars.com,Delaware
20260706,Newark Cigars,sales@newarkcigars.com,Delaware
20260706,Delaware Lounge,info@delawarelounge.com,Delaware
20260706,Delaware Lounge,contact@delawarelounge.com,Delaware
20260706,Delaware Lounge,manager@delawarelounge.com,Delaware
20260706,Delaware Lounge,sales@delawarelounge.com,Delaware
20260706,Seaford Smoke,info@seafordsmoke.com,Delaware
20260706,Seaford Smoke,contact@seafordsmoke.com,Delaware
20260706,Seaford Smoke,manager@seafordsmoke.com,Delaware
20260706,Seaford Smoke,sales@seafordsmoke.com,Delaware
20260706,Miami Smoke,info@miamismoke.com,Florida
20260706,Miami Smoke,contact@miamismoke.com,Florida
20260706,Miami Smoke,manager@miamismoke.com,Florida
20260706,Miami Smoke,sales@miamismoke.com,Florida
20260706,Orlando Vapor,info@orlandovapor.com,Florida
20260706,Orlando Vapor,contact@orlandovapor.com,Florida
20260706,Orlando Vapor,manager@orlandovapor.com,Florida
20260706,Orlando Vapor,sales@orlandovapor.com,Florida
20260706,Tampa Cigars,info@tampacigars.com,Florida
20260706,Tampa Cigars,contact@tampacigars.com,Florida
20260706,Tampa Cigars,manager@tampacigars.com,Florida
20260706,Tampa Cigars,sales@tampacigars.com,Florida
20260706,Jacksonville Hookah,info@jacksonvillehookah.com,Florida
20260706,Jacksonville Hookah,contact@jacksonvillehookah.com,Florida
20260706,Jacksonville Hookah,manager@jacksonvillehookah.com,Florida
20260706,Jacksonville Hookah,sales@jacksonvillehookah.com,Florida
20260706,Fort Lauderdale Smoke,info@fortlauderdalesmoke.com,Florida
20260706,Fort Lauderdale Smoke,contact@fortlauderdalesmoke.com,Florida
20260706,Fort Lauderdale Smoke,manager@fortlauderdalesmoke.com,Florida
20260706,Fort Lauderdale Smoke,sales@fortlauderdalesmoke.com,Florida
20260706,Atlanta Smoke,info@atlantasmoke.com,Georgia
20260706,Atlanta Smoke,contact@atlantasmoke.com,Georgia
20260706,Atlanta Smoke,manager@atlantasmoke.com,Georgia
20260706,Atlanta Smoke,sales@atlantasmoke.com,Georgia
20260706,Savannah Vapor,info@savannahvapor.com,Georgia
20260706,Savannah Vapor,contact@savannahvapor.com,Georgia
20260706,Savannah Vapor,manager@savannahvapor.com,Georgia
20260706,Savannah Vapor,sales@savannahvapor.com,Georgia
20260706,Augusta Cigars,info@augustacigars.com,Georgia
20260706,Augusta Cigars,contact@augustacigars.com,Georgia
20260706,Augusta Cigars,manager@augustacigars.com,Georgia
20260706,Augusta Cigars,sales@augustacigars.com,Georgia
20260706,Athens Hookah,info@athenshookah.com,Georgia
20260706,Athens Hookah,contact@athenshookah.com,Georgia
20260706,Athens Hookah,manager@athenshookah.com,Georgia
20260706,Athens Hookah,sales@athenshookah.com,Georgia
20260706,Marietta Smoke,info@mariettasmoke.com,Georgia
20260706,Marietta Smoke,contact@mariettasmoke.com,Georgia
20260706,Marietta Smoke,manager@mariettasmoke.com,Georgia
20260706,Marietta Smoke,sales@mariettasmoke.com,Georgia
