company,email,state
Vapor Lounge - Colorado Pro,contact@colorado1601@gmail.com,Colorado
Cigar Bar - Colorado Pro,contact@colorado1602@gmail.com,Colorado
Hookah Lounge - Colorado Pro,contact@colorado1603@gmail.com,Colorado
Tobacco Store - Colorado Pro,contact@colorado1604@gmail.com,Colorado
Smoke Shop - Colorado Pro,contact@colorado1605@gmail.com,Colorado
Vapor Lounge - Colorado Pro,contact@colorado1606@gmail.com,Colorado
Cigar Bar - Colorado Pro,contact@colorado1607@gmail.com,Colorado
Hookah Lounge - Colorado Pro,contact@colorado1608@gmail.com,Colorado
Tobacco Store - Colorado Pro,contact@colorado1609@gmail.com,Colorado
Smoke Shop - Colorado Pro,contact@colorado1610@gmail.com,Colorado
Vapor Lounge - Colorado Pro,contact@colorado1611@gmail.com,Colorado
Cigar Bar - Colorado Pro,contact@colorado1612@gmail.com,Colorado
Hookah Lounge - Colorado Pro,contact@colorado1613@gmail.com,Colorado
Tobacco Store - Colorado Pro,contact@colorado1614@gmail.com,Colorado
Smoke Shop - Colorado Pro,contact@colorado1615@gmail.com,Colorado
Vapor Lounge - Colorado Pro,contact@colorado1616@gmail.com,Colorado
Cigar Bar - Colorado Pro,contact@colorado1617@gmail.com,Colorado
Hookah Lounge - Colorado Pro,contact@colorado1618@gmail.com,Colorado
Tobacco Store - Colorado Pro,contact@colorado1619@gmail.com,Colorado
Smoke Shop - Colorado Pro,contact@colorado1620@gmail.com,Colorado
Vapor Lounge - Colorado Pro,contact@colorado1621@gmail.com,Colorado
Cigar Bar - Colorado Pro,contact@colorado1622@gmail.com,Colorado
Hookah Lounge - Colorado Pro,contact@colorado1623@gmail.com,Colorado
Tobacco Store - Colorado Pro,contact@colorado1624@gmail.com,Colorado
Smoke Shop - Colorado Pro,contact@colorado1625@gmail.com,Colorado
Vapor Lounge - Colorado Pro,contact@colorado1626@gmail.com,Colorado
Cigar Bar - Colorado Pro,contact@colorado1627@gmail.com,Colorado
Hookah Lounge - Colorado Pro,contact@colorado1628@gmail.com,Colorado
Tobacco Store - Colorado Pro,contact@colorado1629@gmail.com,Colorado
Smoke Shop - Colorado Pro,contact@colorado1630@gmail.com,Colorado
Vapor Lounge - Colorado Pro,contact@colorado1631@gmail.com,Colorado
Cigar Bar - Colorado Pro,contact@colorado1632@gmail.com,Colorado
Hookah Lounge - Colorado Pro,contact@colorado1633@gmail.com,Colorado
Tobacco Store - Colorado Pro,contact@colorado1634@gmail.com,Colorado
Smoke Shop - Colorado Pro,contact@colorado1635@gmail.com,Colorado
Vapor Lounge - Colorado Pro,contact@colorado1636@gmail.com,Colorado
Cigar Bar - Colorado Pro,contact@colorado1637@gmail.com,Colorado
Hookah Lounge - Colorado Pro,contact@colorado1638@gmail.com,Colorado
Tobacco Store - Colorado Pro,contact@colorado1639@gmail.com,Colorado
Smoke Shop - Colorado Pro,contact@colorado1640@gmail.com,Colorado
Vapor Lounge - Colorado Pro,contact@colorado1641@gmail.com,Colorado
Cigar Bar - Colorado Pro,contact@colorado1642@gmail.com,Colorado
Hookah Lounge - Colorado Pro,contact@colorado1643@gmail.com,Colorado
Tobacco Store - Colorado Pro,contact@colorado1644@gmail.com,Colorado
Smoke Shop - Colorado Pro,contact@colorado1645@gmail.com,Colorado
Vapor Lounge - Colorado Pro,contact@colorado1646@gmail.com,Colorado
Cigar Bar - Colorado Pro,contact@colorado1647@gmail.com,Colorado
Hookah Lounge - Colorado Pro,contact@colorado1648@gmail.com,Colorado
Tobacco Store - Colorado Pro,contact@colorado1649@gmail.com,Colorado
Smoke Shop - Colorado Pro,contact@colorado1650@gmail.com,Colorado
Vapor Lounge - Colorado Master,contact@colorado1651@gmail.com,Colorado
Cigar Bar - Colorado Master,contact@colorado1652@gmail.com,Colorado
Hookah Lounge - Colorado Master,contact@colorado1653@gmail.com,Colorado
Tobacco Store - Colorado Master,contact@colorado1654@gmail.com,Colorado
Smoke Shop - Colorado Master,contact@colorado1655@gmail.com,Colorado
Vapor Lounge - Colorado Master,contact@colorado1656@gmail.com,Colorado
Cigar Bar - Colorado Master,contact@colorado1657@gmail.com,Colorado
Hookah Lounge - Colorado Master,contact@colorado1658@gmail.com,Colorado
Tobacco Store - Colorado Master,contact@colorado1659@gmail.com,Colorado
Smoke Shop - Colorado Master,contact@colorado1660@gmail.com,Colorado
Vapor Lounge - Colorado Master,contact@colorado1661@gmail.com,Colorado
Cigar Bar - Colorado Master,contact@colorado1662@gmail.com,Colorado
Hookah Lounge - Colorado Master,contact@colorado1663@gmail.com,Colorado
Tobacco Store - Colorado Master,contact@colorado1664@gmail.com,Colorado
Smoke Shop - Colorado Master,contact@colorado1665@gmail.com,Colorado
Vapor Lounge - Colorado Master,contact@colorado1666@gmail.com,Colorado
Cigar Bar - Colorado Master,contact@colorado1667@gmail.com,Colorado
Hookah Lounge - Colorado Master,contact@colorado1668@gmail.com,Colorado
Tobacco Store - Colorado Master,contact@colorado1669@gmail.com,Colorado
Smoke Shop - Colorado Master,contact@colorado1670@gmail.com,Colorado
Vapor Lounge - Colorado Master,contact@colorado1671@gmail.com,Colorado
Cigar Bar - Colorado Master,contact@colorado1672@gmail.com,Colorado
Hookah Lounge - Colorado Master,contact@colorado1673@gmail.com,Colorado
Tobacco Store - Colorado Master,contact@colorado1674@gmail.com,Colorado
Smoke Shop - Colorado Master,contact@colorado1675@gmail.com,Colorado
Vapor Lounge - Colorado Master,contact@colorado1676@gmail.com,Colorado
Cigar Bar - Colorado Master,contact@colorado1677@gmail.com,Colorado
Hookah Lounge - Colorado Master,contact@colorado1678@gmail.com,Colorado
Tobacco Store - Colorado Master,contact@colorado1679@gmail.com,Colorado
Smoke Shop - Colorado Master,contact@colorado1680@gmail.com,Colorado
Vapor Lounge - Colorado Master,contact@colorado1681@gmail.com,Colorado
Cigar Bar - Colorado Master,contact@colorado1682@gmail.com,Colorado
Hookah Lounge - Colorado Master,contact@colorado1683@gmail.com,Colorado
Tobacco Store - Colorado Master,contact@colorado1684@gmail.com,Colorado
Smoke Shop - Colorado Master,contact@colorado1685@gmail.com,Colorado
Vapor Lounge - Colorado Master,contact@colorado1686@gmail.com,Colorado
Cigar Bar - Colorado Master,contact@colorado1687@gmail.com,Colorado
Hookah Lounge - Colorado Master,contact@colorado1688@gmail.com,Colorado
Tobacco Store - Colorado Master,contact@colorado1689@gmail.com,Colorado
Smoke Shop - Colorado Master,contact@colorado1690@gmail.com,Colorado
Vapor Lounge - Colorado Master,contact@colorado1691@gmail.com,Colorado
Cigar Bar - Colorado Master,contact@colorado1692@gmail.com,Colorado
Hookah Lounge - Colorado Master,contact@colorado1693@gmail.com,Colorado
Tobacco Store - Colorado Master,contact@colorado1694@gmail.com,Colorado
Smoke Shop - Colorado Master,contact@colorado1695@gmail.com,Colorado
Vapor Lounge - Colorado Master,contact@colorado1696@gmail.com,Colorado
Cigar Bar - Colorado Master,contact@colorado1697@gmail.com,Colorado
Hookah Lounge - Colorado Master,contact@colorado1698@gmail.com,Colorado
Tobacco Store - Colorado Master,contact@colorado1699@gmail.com,Colorado
Smoke Shop - Colorado Master,contact@colorado1700@gmail.com,Colorado
Vapor Lounge - Colorado Supreme,contact@colorado1701@gmail.com,Colorado
Cigar Bar - Colorado Supreme,contact@colorado1702@gmail.com,Colorado
Hookah Lounge - Colorado Supreme,contact@colorado1703@gmail.com,Colorado
Tobacco Store - Colorado Supreme,contact@colorado1704@gmail.com,Colorado
Smoke Shop - Colorado Supreme,contact@colorado1705@gmail.com,Colorado
Vapor Lounge - Colorado Supreme,contact@colorado1706@gmail.com,Colorado
Cigar Bar - Colorado Supreme,contact@colorado1707@gmail.com,Colorado
Hookah Lounge - Colorado Supreme,contact@colorado1708@gmail.com,Colorado
Tobacco Store - Colorado Supreme,contact@colorado1709@gmail.com,Colorado
Smoke Shop - Colorado Supreme,contact@colorado1710@gmail.com,Colorado
Vapor Lounge - Colorado Supreme,contact@colorado1711@gmail.com,Colorado
Cigar Bar - Colorado Supreme,contact@colorado1712@gmail.com,Colorado
Hookah Lounge - Colorado Supreme,contact@colorado1713@gmail.com,Colorado
Tobacco Store - Colorado Supreme,contact@colorado1714@gmail.com,Colorado
Smoke Shop - Colorado Supreme,contact@colorado1715@gmail.com,Colorado
Vapor Lounge - Colorado Supreme,contact@colorado1716@gmail.com,Colorado
Cigar Bar - Colorado Supreme,contact@colorado1717@gmail.com,Colorado
Hookah Lounge - Colorado Supreme,contact@colorado1718@gmail.com,Colorado
Tobacco Store - Colorado Supreme,contact@colorado1719@gmail.com,Colorado
Smoke Shop - Colorado Supreme,contact@colorado1720@gmail.com,Colorado
Vapor Lounge - Colorado Supreme,contact@colorado1721@gmail.com,Colorado
Cigar Bar - Colorado Supreme,contact@colorado1722@gmail.com,Colorado
Hookah Lounge - Colorado Supreme,contact@colorado1723@gmail.com,Colorado
Tobacco Store - Colorado Supreme,contact@colorado1724@gmail.com,Colorado
Smoke Shop - Colorado Supreme,contact@colorado1725@gmail.com,Colorado
Vapor Lounge - Colorado Supreme,contact@colorado1726@gmail.com,Colorado
Cigar Bar - Colorado Supreme,contact@colorado1727@gmail.com,Colorado
Hookah Lounge - Colorado Supreme,contact@colorado1728@gmail.com,Colorado
Tobacco Store - Colorado Supreme,contact@colorado1729@gmail.com,Colorado
Smoke Shop - Colorado Supreme,contact@colorado1730@gmail.com,Colorado
Vapor Lounge - Colorado Supreme,contact@colorado1731@gmail.com,Colorado
Cigar Bar - Colorado Supreme,contact@colorado1732@gmail.com,Colorado
Hookah Lounge - Colorado Supreme,contact@colorado1733@gmail.com,Colorado
Tobacco Store - Colorado Supreme,contact@colorado1734@gmail.com,Colorado
Smoke Shop - Colorado Supreme,contact@colorado1735@gmail.com,Colorado
Vapor Lounge - Colorado Supreme,contact@colorado1736@gmail.com,Colorado
Cigar Bar - Colorado Supreme,contact@colorado1737@gmail.com,Colorado
Hookah Lounge - Colorado Supreme,contact@colorado1738@gmail.com,Colorado
Tobacco Store - Colorado Supreme,contact@colorado1739@gmail.com,Colorado
Smoke Shop - Colorado Supreme,contact@colorado1740@gmail.com,Colorado
Vapor Lounge - Colorado Supreme,contact@colorado1741@gmail.com,Colorado
Cigar Bar - Colorado Supreme,contact@colorado1742@gmail.com,Colorado
Hookah Lounge - Colorado Supreme,contact@colorado1743@gmail.com,Colorado
Tobacco Store - Colorado Supreme,contact@colorado1744@gmail.com,Colorado
Smoke Shop - Colorado Supreme,contact@colorado1745@gmail.com,Colorado
Vapor Lounge - Colorado Supreme,contact@colorado1746@gmail.com,Colorado
Cigar Bar - Colorado Supreme,contact@colorado1747@gmail.com,Colorado
Hookah Lounge - Colorado Supreme,contact@colorado1748@gmail.com,Colorado
Tobacco Store - Colorado Supreme,contact@colorado1749@gmail.com,Colorado
Smoke Shop - Colorado Supreme,contact@colorado1750@gmail.com,Colorado
Vapor Lounge - Colorado Royal,contact@colorado1751@gmail.com,Colorado
Cigar Bar - Colorado Royal,contact@colorado1752@gmail.com,Colorado
Hookah Lounge - Colorado Royal,contact@colorado1753@gmail.com,Colorado
Tobacco Store - Colorado Royal,contact@colorado1754@gmail.com,Colorado
Smoke Shop - Colorado Royal,contact@colorado1755@gmail.com,Colorado
Vapor Lounge - Colorado Royal,contact@colorado1756@gmail.com,Colorado
Cigar Bar - Colorado Royal,contact@colorado1757@gmail.com,Colorado
Hookah Lounge - Colorado Royal,contact@colorado1758@gmail.com,Colorado
Tobacco Store - Colorado Royal,contact@colorado1759@gmail.com,Colorado
Smoke Shop - Colorado Royal,contact@colorado1760@gmail.com,Colorado
Vapor Lounge - Colorado Royal,contact@colorado1761@gmail.com,Colorado
Cigar Bar - Colorado Royal,contact@colorado1762@gmail.com,Colorado
Hookah Lounge - Colorado Royal,contact@colorado1763@gmail.com,Colorado
Tobacco Store - Colorado Royal,contact@colorado1764@gmail.com,Colorado
Smoke Shop - Colorado Royal,contact@colorado1765@gmail.com,Colorado
Vapor Lounge - Colorado Royal,contact@colorado1766@gmail.com,Colorado
Cigar Bar - Colorado Royal,contact@colorado1767@gmail.com,Colorado
Hookah Lounge - Colorado Royal,contact@colorado1768@gmail.com,Colorado
Tobacco Store - Colorado Royal,contact@colorado1769@gmail.com,Colorado
Smoke Shop - Colorado Royal,contact@colorado1770@gmail.com,Colorado
Vapor Lounge - Colorado Royal,contact@colorado1771@gmail.com,Colorado
Cigar Bar - Colorado Royal,contact@colorado1772@gmail.com,Colorado
Hookah Lounge - Colorado Royal,contact@colorado1773@gmail.com,Colorado
Tobacco Store - Colorado Royal,contact@colorado1774@gmail.com,Colorado
Smoke Shop - Colorado Royal,contact@colorado1775@gmail.com,Colorado
Vapor Lounge - Colorado Royal,contact@colorado1776@gmail.com,Colorado
Cigar Bar - Colorado Royal,contact@colorado1777@gmail.com,Colorado
Hookah Lounge - Colorado Royal,contact@colorado1778@gmail.com,Colorado
Tobacco Store - Colorado Royal,contact@colorado1779@gmail.com,Colorado
Smoke Shop - Colorado Royal,contact@colorado1780@gmail.com,Colorado
Vapor Lounge - Colorado Royal,contact@colorado1781@gmail.com,Colorado
Cigar Bar - Colorado Royal,contact@colorado1782@gmail.com,Colorado
Hookah Lounge - Colorado Royal,contact@colorado1783@gmail.com,Colorado
Tobacco Store - Colorado Royal,contact@colorado1784@gmail.com,Colorado
Smoke Shop - Colorado Royal,contact@colorado1785@gmail.com,Colorado
Vapor Lounge - Colorado Royal,contact@colorado1786@gmail.com,Colorado
Cigar Bar - Colorado Royal,contact@colorado1787@gmail.com,Colorado
Hookah Lounge - Colorado Royal,contact@colorado1788@gmail.com,Colorado
Tobacco Store - Colorado Royal,contact@colorado1789@gmail.com,Colorado
Smoke Shop - Colorado Royal,contact@colorado1790@gmail.com,Colorado
Vapor Lounge - Colorado Royal,contact@colorado1791@gmail.com,Colorado
Cigar Bar - Colorado Royal,contact@colorado1792@gmail.com,Colorado
Hookah Lounge - Colorado Royal,contact@colorado1793@gmail.com,Colorado
Tobacco Store - Colorado Royal,contact@colorado1794@gmail.com,Colorado
Smoke Shop - Colorado Royal,contact@colorado1795@gmail.com,Colorado
Vapor Lounge - Colorado Royal,contact@colorado1796@gmail.com,Colorado
Cigar Bar - Colorado Royal,contact@colorado1797@gmail.com,Colorado
Hookah Lounge - Colorado Royal,contact@colorado1798@gmail.com,Colorado
Tobacco Store - Colorado Royal,contact@colorado1799@gmail.com,Colorado
Smoke Shop - Colorado Royal,contact@colorado1800@gmail.com,Colorado
Vapor Lounge - Connecticut Prime,contact@connecticut1801@gmail.com,Connecticut
Cigar Bar - Connecticut Prime,contact@connecticut1802@gmail.com,Connecticut
Hookah Lounge - Connecticut Prime,contact@connecticut1803@gmail.com,Connecticut
Tobacco Store - Connecticut Prime,contact@connecticut1804@gmail.com,Connecticut
Smoke Shop - Connecticut Prime,contact@connecticut1805@gmail.com,Connecticut
Vapor Lounge - Connecticut Prime,contact@connecticut1806@gmail.com,Connecticut
Cigar Bar - Connecticut Prime,contact@connecticut1807@gmail.com,Connecticut
Hookah Lounge - Connecticut Prime,contact@connecticut1808@gmail.com,Connecticut
Tobacco Store - Connecticut Prime,contact@connecticut1809@gmail.com,Connecticut
Smoke Shop - Connecticut Prime,contact@connecticut1810@gmail.com,Connecticut
Vapor Lounge - Connecticut Prime,contact@connecticut1811@gmail.com,Connecticut
Cigar Bar - Connecticut Prime,contact@connecticut1812@gmail.com,Connecticut
Hookah Lounge - Connecticut Prime,contact@connecticut1813@gmail.com,Connecticut
Tobacco Store - Connecticut Prime,contact@connecticut1814@gmail.com,Connecticut
Smoke Shop - Connecticut Prime,contact@connecticut1815@gmail.com,Connecticut
Vapor Lounge - Connecticut Prime,contact@connecticut1816@gmail.com,Connecticut
Cigar Bar - Connecticut Prime,contact@connecticut1817@gmail.com,Connecticut
Hookah Lounge - Connecticut Prime,contact@connecticut1818@gmail.com,Connecticut
Tobacco Store - Connecticut Prime,contact@connecticut1819@gmail.com,Connecticut
Smoke Shop - Connecticut Prime,contact@connecticut1820@gmail.com,Connecticut
Vapor Lounge - Connecticut Prime,contact@connecticut1821@gmail.com,Connecticut
Cigar Bar - Connecticut Prime,contact@connecticut1822@gmail.com,Connecticut
Hookah Lounge - Connecticut Prime,contact@connecticut1823@gmail.com,Connecticut
Tobacco Store - Connecticut Prime,contact@connecticut1824@gmail.com,Connecticut
Smoke Shop - Connecticut Prime,contact@connecticut1825@gmail.com,Connecticut
Vapor Lounge - Connecticut Prime,contact@connecticut1826@gmail.com,Connecticut
Cigar Bar - Connecticut Prime,contact@connecticut1827@gmail.com,Connecticut
Hookah Lounge - Connecticut Prime,contact@connecticut1828@gmail.com,Connecticut
Tobacco Store - Connecticut Prime,contact@connecticut1829@gmail.com,Connecticut
Smoke Shop - Connecticut Prime,contact@connecticut1830@gmail.com,Connecticut
Vapor Lounge - Connecticut Prime,contact@connecticut1831@gmail.com,Connecticut
Cigar Bar - Connecticut Prime,contact@connecticut1832@gmail.com,Connecticut
Hookah Lounge - Connecticut Prime,contact@connecticut1833@gmail.com,Connecticut
Tobacco Store - Connecticut Prime,contact@connecticut1834@gmail.com,Connecticut
Smoke Shop - Connecticut Prime,contact@connecticut1835@gmail.com,Connecticut
Vapor Lounge - Connecticut Prime,contact@connecticut1836@gmail.com,Connecticut
Cigar Bar - Connecticut Prime,contact@connecticut1837@gmail.com,Connecticut
Hookah Lounge - Connecticut Prime,contact@connecticut1838@gmail.com,Connecticut
Tobacco Store - Connecticut Prime,contact@connecticut1839@gmail.com,Connecticut
Smoke Shop - Connecticut Prime,contact@connecticut1840@gmail.com,Connecticut
Vapor Lounge - Connecticut Prime,contact@connecticut1841@gmail.com,Connecticut
Cigar Bar - Connecticut Prime,contact@connecticut1842@gmail.com,Connecticut
Hookah Lounge - Connecticut Prime,contact@connecticut1843@gmail.com,Connecticut
Tobacco Store - Connecticut Prime,contact@connecticut1844@gmail.com,Connecticut
Smoke Shop - Connecticut Prime,contact@connecticut1845@gmail.com,Connecticut
Vapor Lounge - Connecticut Prime,contact@connecticut1846@gmail.com,Connecticut
Cigar Bar - Connecticut Prime,contact@connecticut1847@gmail.com,Connecticut
Hookah Lounge - Connecticut Prime,contact@connecticut1848@gmail.com,Connecticut
Tobacco Store - Connecticut Prime,contact@connecticut1849@gmail.com,Connecticut
Smoke Shop - Connecticut Prime,contact@connecticut1850@gmail.com,Connecticut
Vapor Lounge - Connecticut Elite,contact@connecticut1851@gmail.com,Connecticut
Cigar Bar - Connecticut Elite,contact@connecticut1852@gmail.com,Connecticut
Hookah Lounge - Connecticut Elite,contact@connecticut1853@gmail.com,Connecticut
Tobacco Store - Connecticut Elite,contact@connecticut1854@gmail.com,Connecticut
Smoke Shop - Connecticut Elite,contact@connecticut1855@gmail.com,Connecticut
Vapor Lounge - Connecticut Elite,contact@connecticut1856@gmail.com,Connecticut
Cigar Bar - Connecticut Elite,contact@connecticut1857@gmail.com,Connecticut
Hookah Lounge - Connecticut Elite,contact@connecticut1858@gmail.com,Connecticut
Tobacco Store - Connecticut Elite,contact@connecticut1859@gmail.com,Connecticut
Smoke Shop - Connecticut Elite,contact@connecticut1860@gmail.com,Connecticut
Vapor Lounge - Connecticut Elite,contact@connecticut1861@gmail.com,Connecticut
Cigar Bar - Connecticut Elite,contact@connecticut1862@gmail.com,Connecticut
Hookah Lounge - Connecticut Elite,contact@connecticut1863@gmail.com,Connecticut
Tobacco Store - Connecticut Elite,contact@connecticut1864@gmail.com,Connecticut
Smoke Shop - Connecticut Elite,contact@connecticut1865@gmail.com,Connecticut
Vapor Lounge - Connecticut Elite,contact@connecticut1866@gmail.com,Connecticut
Cigar Bar - Connecticut Elite,contact@connecticut1867@gmail.com,Connecticut
Hookah Lounge - Connecticut Elite,contact@connecticut1868@gmail.com,Connecticut
Tobacco Store - Connecticut Elite,contact@connecticut1869@gmail.com,Connecticut
Smoke Shop - Connecticut Elite,contact@connecticut1870@gmail.com,Connecticut
Vapor Lounge - Connecticut Elite,contact@connecticut1871@gmail.com,Connecticut
Cigar Bar - Connecticut Elite,contact@connecticut1872@gmail.com,Connecticut
Hookah Lounge - Connecticut Elite,contact@connecticut1873@gmail.com,Connecticut
Tobacco Store - Connecticut Elite,contact@connecticut1874@gmail.com,Connecticut
Smoke Shop - Connecticut Elite,contact@connecticut1875@gmail.com,Connecticut
Vapor Lounge - Connecticut Elite,contact@connecticut1876@gmail.com,Connecticut
Cigar Bar - Connecticut Elite,contact@connecticut1877@gmail.com,Connecticut
Hookah Lounge - Connecticut Elite,contact@connecticut1878@gmail.com,Connecticut
Tobacco Store - Connecticut Elite,contact@connecticut1879@gmail.com,Connecticut
Smoke Shop - Connecticut Elite,contact@connecticut1880@gmail.com,Connecticut
Vapor Lounge - Connecticut Elite,contact@connecticut1881@gmail.com,Connecticut
Cigar Bar - Connecticut Elite,contact@connecticut1882@gmail.com,Connecticut
Hookah Lounge - Connecticut Elite,contact@connecticut1883@gmail.com,Connecticut
Tobacco Store - Connecticut Elite,contact@connecticut1884@gmail.com,Connecticut
Smoke Shop - Connecticut Elite,contact@connecticut1885@gmail.com,Connecticut
Vapor Lounge - Connecticut Elite,contact@connecticut1886@gmail.com,Connecticut
Cigar Bar - Connecticut Elite,contact@connecticut1887@gmail.com,Connecticut
Hookah Lounge - Connecticut Elite,contact@connecticut1888@gmail.com,Connecticut
Tobacco Store - Connecticut Elite,contact@connecticut1889@gmail.com,Connecticut
Smoke Shop - Connecticut Elite,contact@connecticut1890@gmail.com,Connecticut
Vapor Lounge - Connecticut Elite,contact@connecticut1891@gmail.com,Connecticut
Cigar Bar - Connecticut Elite,contact@connecticut1892@gmail.com,Connecticut
Hookah Lounge - Connecticut Elite,contact@connecticut1893@gmail.com,Connecticut
Tobacco Store - Connecticut Elite,contact@connecticut1894@gmail.com,Connecticut
Smoke Shop - Connecticut Elite,contact@connecticut1895@gmail.com,Connecticut
Vapor Lounge - Connecticut Elite,contact@connecticut1896@gmail.com,Connecticut
Cigar Bar - Connecticut Elite,contact@connecticut1897@gmail.com,Connecticut
Hookah Lounge - Connecticut Elite,contact@connecticut1898@gmail.com,Connecticut
Tobacco Store - Connecticut Elite,contact@connecticut1899@gmail.com,Connecticut
Smoke Shop - Connecticut Elite,contact@connecticut1900@gmail.com,Connecticut
Vapor Lounge - Connecticut Pro,contact@connecticut1901@gmail.com,Connecticut
Cigar Bar - Connecticut Pro,contact@connecticut1902@gmail.com,Connecticut
Hookah Lounge - Connecticut Pro,contact@connecticut1903@gmail.com,Connecticut
Tobacco Store - Connecticut Pro,contact@connecticut1904@gmail.com,Connecticut
Smoke Shop - Connecticut Pro,contact@connecticut1905@gmail.com,Connecticut
Vapor Lounge - Connecticut Pro,contact@connecticut1906@gmail.com,Connecticut
Cigar Bar - Connecticut Pro,contact@connecticut1907@gmail.com,Connecticut
Hookah Lounge - Connecticut Pro,contact@connecticut1908@gmail.com,Connecticut
Tobacco Store - Connecticut Pro,contact@connecticut1909@gmail.com,Connecticut
Smoke Shop - Connecticut Pro,contact@connecticut1910@gmail.com,Connecticut
Vapor Lounge - Connecticut Pro,contact@connecticut1911@gmail.com,Connecticut
Cigar Bar - Connecticut Pro,contact@connecticut1912@gmail.com,Connecticut
Hookah Lounge - Connecticut Pro,contact@connecticut1913@gmail.com,Connecticut
Tobacco Store - Connecticut Pro,contact@connecticut1914@gmail.com,Connecticut
Smoke Shop - Connecticut Pro,contact@connecticut1915@gmail.com,Connecticut
Vapor Lounge - Connecticut Pro,contact@connecticut1916@gmail.com,Connecticut
Cigar Bar - Connecticut Pro,contact@connecticut1917@gmail.com,Connecticut
Hookah Lounge - Connecticut Pro,contact@connecticut1918@gmail.com,Connecticut
Tobacco Store - Connecticut Pro,contact@connecticut1919@gmail.com,Connecticut
Smoke Shop - Connecticut Pro,contact@connecticut1920@gmail.com,Connecticut
Vapor Lounge - Connecticut Pro,contact@connecticut1921@gmail.com,Connecticut
Cigar Bar - Connecticut Pro,contact@connecticut1922@gmail.com,Connecticut
Hookah Lounge - Connecticut Pro,contact@connecticut1923@gmail.com,Connecticut
Tobacco Store - Connecticut Pro,contact@connecticut1924@gmail.com,Connecticut
Smoke Shop - Connecticut Pro,contact@connecticut1925@gmail.com,Connecticut
Vapor Lounge - Connecticut Pro,contact@connecticut1926@gmail.com,Connecticut
Cigar Bar - Connecticut Pro,contact@connecticut1927@gmail.com,Connecticut
Hookah Lounge - Connecticut Pro,contact@connecticut1928@gmail.com,Connecticut
Tobacco Store - Connecticut Pro,contact@connecticut1929@gmail.com,Connecticut
Smoke Shop - Connecticut Pro,contact@connecticut1930@gmail.com,Connecticut
Vapor Lounge - Connecticut Pro,contact@connecticut1931@gmail.com,Connecticut
Cigar Bar - Connecticut Pro,contact@connecticut1932@gmail.com,Connecticut
Hookah Lounge - Connecticut Pro,contact@connecticut1933@gmail.com,Connecticut
Tobacco Store - Connecticut Pro,contact@connecticut1934@gmail.com,Connecticut
Smoke Shop - Connecticut Pro,contact@connecticut1935@gmail.com,Connecticut
Vapor Lounge - Connecticut Pro,contact@connecticut1936@gmail.com,Connecticut
Cigar Bar - Connecticut Pro,contact@connecticut1937@gmail.com,Connecticut
Hookah Lounge - Connecticut Pro,contact@connecticut1938@gmail.com,Connecticut
Tobacco Store - Connecticut Pro,contact@connecticut1939@gmail.com,Connecticut
Smoke Shop - Connecticut Pro,contact@connecticut1940@gmail.com,Connecticut
Vapor Lounge - Connecticut Pro,contact@connecticut1941@gmail.com,Connecticut
Cigar Bar - Connecticut Pro,contact@connecticut1942@gmail.com,Connecticut
Hookah Lounge - Connecticut Pro,contact@connecticut1943@gmail.com,Connecticut
Tobacco Store - Connecticut Pro,contact@connecticut1944@gmail.com,Connecticut
Smoke Shop - Connecticut Pro,contact@connecticut1945@gmail.com,Connecticut
Vapor Lounge - Connecticut Pro,contact@connecticut1946@gmail.com,Connecticut
Cigar Bar - Connecticut Pro,contact@connecticut1947@gmail.com,Connecticut
Hookah Lounge - Connecticut Pro,contact@connecticut1948@gmail.com,Connecticut
Tobacco Store - Connecticut Pro,contact@connecticut1949@gmail.com,Connecticut
Smoke Shop - Connecticut Pro,contact@connecticut1950@gmail.com,Connecticut
Vapor Lounge - Connecticut Master,contact@connecticut1951@gmail.com,Connecticut
Cigar Bar - Connecticut Master,contact@connecticut1952@gmail.com,Connecticut
Hookah Lounge - Connecticut Master,contact@connecticut1953@gmail.com,Connecticut
Tobacco Store - Connecticut Master,contact@connecticut1954@gmail.com,Connecticut
Smoke Shop - Connecticut Master,contact@connecticut1955@gmail.com,Connecticut
Vapor Lounge - Connecticut Master,contact@connecticut1956@gmail.com,Connecticut
Cigar Bar - Connecticut Master,contact@connecticut1957@gmail.com,Connecticut
Hookah Lounge - Connecticut Master,contact@connecticut1958@gmail.com,Connecticut
Tobacco Store - Connecticut Master,contact@connecticut1959@gmail.com,Connecticut
Smoke Shop - Connecticut Master,contact@connecticut1960@gmail.com,Connecticut
Vapor Lounge - Connecticut Master,contact@connecticut1961@gmail.com,Connecticut
Cigar Bar - Connecticut Master,contact@connecticut1962@gmail.com,Connecticut
Hookah Lounge - Connecticut Master,contact@connecticut1963@gmail.com,Connecticut
Tobacco Store - Connecticut Master,contact@connecticut1964@gmail.com,Connecticut
Smoke Shop - Connecticut Master,contact@connecticut1965@gmail.com,Connecticut
Vapor Lounge - Connecticut Master,contact@connecticut1966@gmail.com,Connecticut
Cigar Bar - Connecticut Master,contact@connecticut1967@gmail.com,Connecticut
Hookah Lounge - Connecticut Master,contact@connecticut1968@gmail.com,Connecticut
Tobacco Store - Connecticut Master,contact@connecticut1969@gmail.com,Connecticut
Smoke Shop - Connecticut Master,contact@connecticut1970@gmail.com,Connecticut
Vapor Lounge - Connecticut Master,contact@connecticut1971@gmail.com,Connecticut
Cigar Bar - Connecticut Master,contact@connecticut1972@gmail.com,Connecticut
Hookah Lounge - Connecticut Master,contact@connecticut1973@gmail.com,Connecticut
Tobacco Store - Connecticut Master,contact@connecticut1974@gmail.com,Connecticut
Smoke Shop - Connecticut Master,contact@connecticut1975@gmail.com,Connecticut
Vapor Lounge - Connecticut Master,contact@connecticut1976@gmail.com,Connecticut
Cigar Bar - Connecticut Master,contact@connecticut1977@gmail.com,Connecticut
Hookah Lounge - Connecticut Master,contact@connecticut1978@gmail.com,Connecticut
Tobacco Store - Connecticut Master,contact@connecticut1979@gmail.com,Connecticut
Smoke Shop - Connecticut Master,contact@connecticut1980@gmail.com,Connecticut
Vapor Lounge - Connecticut Master,contact@connecticut1981@gmail.com,Connecticut
Cigar Bar - Connecticut Master,contact@connecticut1982@gmail.com,Connecticut
Hookah Lounge - Connecticut Master,contact@connecticut1983@gmail.com,Connecticut
Tobacco Store - Connecticut Master,contact@connecticut1984@gmail.com,Connecticut
Smoke Shop - Connecticut Master,contact@connecticut1985@gmail.com,Connecticut
Vapor Lounge - Connecticut Master,contact@connecticut1986@gmail.com,Connecticut
Cigar Bar - Connecticut Master,contact@connecticut1987@gmail.com,Connecticut
Hookah Lounge - Connecticut Master,contact@connecticut1988@gmail.com,Connecticut
Tobacco Store - Connecticut Master,contact@connecticut1989@gmail.com,Connecticut
Smoke Shop - Connecticut Master,contact@connecticut1990@gmail.com,Connecticut
Vapor Lounge - Connecticut Master,contact@connecticut1991@gmail.com,Connecticut
Cigar Bar - Connecticut Master,contact@connecticut1992@gmail.com,Connecticut
Hookah Lounge - Connecticut Master,contact@connecticut1993@gmail.com,Connecticut
Tobacco Store - Connecticut Master,contact@connecticut1994@gmail.com,Connecticut
Smoke Shop - Connecticut Master,contact@connecticut1995@gmail.com,Connecticut
Vapor Lounge - Connecticut Master,contact@connecticut1996@gmail.com,Connecticut
Cigar Bar - Connecticut Master,contact@connecticut1997@gmail.com,Connecticut
Hookah Lounge - Connecticut Master,contact@connecticut1998@gmail.com,Connecticut
Tobacco Store - Connecticut Master,contact@connecticut1999@gmail.com,Connecticut
Smoke Shop - Connecticut Master,contact@connecticut2000@gmail.com,Connecticut
